Rohit Singh,rohit.singh@example.com,9876543210,Prayagraj Uttar Pradesh
Priya Sharma,priya.sharma@example.com,9876543211,Lucknow Uttar Pradesh
Amit Kumar,amit.kumar@example.com,9876543212,Kanpur Uttar Pradesh
Neha Verma,neha.verma@example.com,9876543213,Noida Uttar Pradesh
Rahul Gupta,rahul.gupta@example.com,9876543214,Ghaziabad Uttar Pradesh
Anjali Yadav,anjali.yadav@example.com,9876543215,Varanasi Uttar Pradesh
Vikram Patel,vikram.patel@example.com,9876543216,Ahmedabad Gujarat
Sneha Mishra,sneha.mishra@example.com,9876543217,Jaipur Rajasthan
Arjun Singh,arjun.singh@example.com,9876543218,Bhopal Madhya Pradesh
Kavya Sharma,kavya.sharma@example.com,9876543219,Indore Madhya Pradesh
Manish Tiwari,manish.tiwari@example.com,9876543220,Patna Bihar
Pooja Gupta,pooja.gupta@example.com,9876543221,Gaya Bihar
Deepak Yadav,deepak.yadav@example.com,9876543222,Ranchi Jharkhand
Shreya Jain,shreya.jain@example.com,9876543223,Jamshedpur Jharkhand
Nitin Agarwal,nitin.agarwal@example.com,9876543224,Delhi India
Ritika Kapoor,ritika.kapoor@example.com,9876543225,Gurugram Haryana
Sachin Mehta,sachin.mehta@example.com,9876543226,Chandigarh India
Ayesha Khan,ayesha.khan@example.com,9876543227,Srinagar Jammu and Kashmir
Karan Malhotra,karan.malhotra@example.com,9876543228,Amritsar Punjab
Simran Kaur,simran.kaur@example.com,9876543229,Ludhiana Punjab
Aditya Verma,aditya.verma@example.com,9876543230,Meerut Uttar Pradesh
Tanvi Sharma,tanvi.sharma@example.com,9876543231,Agra Uttar Pradesh
Rohan Saxena,rohan.saxena@example.com,9876543232,Aligarh Uttar Pradesh
Ishita Roy,ishita.roy@example.com,9876543233,Kolkata West Bengal
Mohit Singh,mohit.singh@example.com,9876543234,Durgapur West Bengal
Ananya Das,ananya.das@example.com,9876543235,Bhubaneswar Odisha
Vivek Joshi,vivek.joshi@example.com,9876543236,Cuttack Odisha
Nisha Arora,nisha.arora@example.com,9876543237,Dehradun Uttarakhand
Harsh Gupta,harsh.gupta@example.com,9876543238,Haridwar Uttarakhand
Meera Nair,meera.nair@example.com,9876543239,Kochi Kerala
Raj Patel,raj.patel@example.com,9876543240,Surat Gujarat
Divya Bansal,divya.bansal@example.com,9876543241,Vadodara Gujarat
Kunal Sharma,kunal.sharma@example.com,9876543242,Udaipur Rajasthan
Sonali Mishra,sonali.mishra@example.com,9876543243,Jodhpur Rajasthan
Ravi Chauhan,ravi.chauhan@example.com,9876543244,Nagpur Maharashtra
Payal Singh,payal.singh@example.com,9876543245,Pune Maharashtra
Sumit Kumar,sumit.kumar@example.com,9876543246,Mumbai Maharashtra
Komal Verma,komal.verma@example.com,9876543247,Nashik Maharashtra
Gaurav Tandon,gaurav.tandon@example.com,9876543248,Hyderabad Telangana
Sanya Kapoor,sanya.kapoor@example.com,9876543249,Warangal Telangana
Arnav Mehra,arnav.mehra@example.com,9876543250,Bengaluru Karnataka
Rhea Sinha,rhea.sinha@example.com,9876543251,Mysuru Karnataka
Dhruv Bhatia,dhruv.bhatia@example.com,9876543252,Chennai Tamil Nadu
Pallavi Jain,pallavi.jain@example.com,9876543253,Coimbatore Tamil Nadu
Yash Agarwal,yash.agarwal@example.com,9876543254,Madurai Tamil Nadu
Muskan Sharma,muskan.sharma@example.com,9876543255,Visakhapatnam Andhra Pradesh
Abhishek Yadav,abhishek.yadav@example.com,9876543256,Vijayawada Andhra Pradesh
Nikita Singh,nikita.singh@example.com,9876543257,Raipur Chhattisgarh
Varun Gupta,varun.gupta@example.com,9876543258,Bilaspur Chhattisgarh
Shruti Arora,shruti.arora@example.com,9876543259,Shimla Himachal Pradesh